[{
    "In_group_id": "",
    "city": "New York",
    "dateFrom": "17/12/2017",
    "description": "Dr. Brenda Greene and Marita Golden discuss The Wide Circumference of Love, a novel that explores the impact of Alzheimer\u2019s on a professional Black family in Washington D.C.",
    "endTime": "07:30 PM",
    "eventImage": "",
    "eventTags": "",
    "eventWebsite": "https://events.cuny.edu/cec/writers-on-writing-radio-program-interview-with-author-marita-golden/",
    "organization": "Medgar Evers College",
    "startTime": "07:00 PM",
    "state": "NY",
    "street": "365 5th Ave",
    "ticketUrl": "",
    "title": "Writers on Writing Radio Program: Interview with Author Marita Golden",
    "zip": "10016"
},
{
    "In_group_id": "",
    "city": "New York",
    "dateFrom": "18/12/2017",
    "description": "Join us for a day celebrating the life and work of Trisha Brown\u2020 (1936-2017).",
    "endTime": "",
    "eventImage": "",
    "eventTags": "",
    "eventWebsite": "http://www.gc.cuny.edu/News-Events-Public-Programs/Calendar/Detail?id=42629",
    "organization": "CUNY Graduate Center",
    "startTime": "06:30 PM",
    "state": "NY",
    "street": "365 5th Ave",
    "ticketUrl": "",
    "title": "Celebrating the Life and Work of Trisha Brown\u2020",
    "zip": "10016"
},
{
    "In_group_id": "",
    "city": "New York",
    "dateFrom": "09/01/2018",
    "description": "Sit down with entrepreneur-turned-educator Steve Blank, credited with launching the Lean Startup movement, for a fireside chat.",
    "endTime": "10:30 AM",
    "eventImage": "",
    "eventTags": "",
    "eventWebsite": "https://events.cuny.edu/cec/has-silicon-valley-become-the-place-it-hated/",
    "organization": "The University",
    "startTime": "08:15 AM",
    "state": "NY",
    "street": "365 5th Ave",
    "ticketUrl": "",
    "title": "Has Silicon Valley Become the Place it Hated?",
    "zip": "10016"
},
{
    "In_group_id": "",
    "city": "New York",
    "dateFrom": "24/01/2018",
    "description": "Author and diplomat Herman Portocarero, former ambassador to Cuba from the European Union and Belgium.",
    "endTime": "06:00 PM",
    "eventImage": "",
    "eventTags": "",
    "eventWebsite": "http://www.gc.cuny.edu/News-Events-Public-Programs/Calendar/Detail?id=43084",
    "organization": "CUNY Graduate Center",
    "startTime": "04:00 PM",
    "state": "NY",
    "street": "365 5th Ave",
    "ticketUrl": "",
    "title": "Havana\u2026Havana!",
    "zip": "10016"
},
{
    "In_group_id": "",
    "city": "New York",
    "dateFrom": "30/01/2018",
    "description": "A Lecture by: Professor Arpit Gupta, NYU Stern School of BusinessTitle: Leverage, Default, and Mortality: Evidence from Cancer Diagnoses",
    "endTime": "",
    "eventImage": "",
    "eventTags": "",
    "eventWebsite": "http://www.gc.cuny.edu/News-Events-Public-Programs/Calendar/Detail?id=42714",
    "organization": "CUNY Graduate Center",
    "startTime": "12:00 PM",
    "state": "NY",
    "street": "365 5th Ave",
    "ticketUrl": "",
    "title": "Seminar in Applied Economics: A lecture with Arpit Gupta, NYU Stern",
    "zip": "10016"
},
{
    "In_group_id": "",
    "city": "New York",
    "dateFrom": "01/02/2018",
    "description": "Ken Morris as well as the other panelists, including Don Singletary, Rochelle Ford and Denise Hill will lecture for black history month",
    "endTime": "08:00 PM",
    "eventImage": "",
    "eventTags": "",
    "eventWebsite": "http://www.baruch.cuny.edu/calendar/EventList.aspx?eventidn=51882&view=EventDetails&information_id=664704",
    "organization": "Baruch College",
    "startTime": "06:00 PM",
    "state": "NY",
    "street": "365 5th Ave",
    "ticketUrl": "",
    "title": "Black history Month",
    "zip": "10016"
},
{
    "In_group_id": "",
    "city": "New York",
    "dateFrom": "06/02/2018",
    "description": "A Lecture by: Professor Boyan Jovanovic, NYU Stern School of BusinessTitle: Reputation and Product Recalls",
    "endTime": "",
    "eventImage": "",
    "eventTags": "",
    "eventWebsite": "http://www.gc.cuny.edu/News-Events-Public-Programs/Calendar/Detail?id=42715",
    "organization": "CUNY Graduate Center",
    "startTime": "12:00 PM",
    "state": "NY",
    "street": "365 5th Ave",
    "ticketUrl": "",
    "title": "Seminar in Applied Economics: A lecture with Boyan Jovanovic, NYU Stern",
    "zip": "10016"
},
{
    "In_group_id": "",
    "city": "New York",
    "dateFrom": "07/02/2018",
    "description": "Dr. S. V. Subramanian, Professor of Population Health and Geography at Harvard Chan School of Public Health, will present our February Grand Rounds Lecture.",
    "endTime": "05:30 PM",
    "eventImage": "",
    "eventTags": "",
    "eventWebsite": "https://events.cuny.edu/cec/grand-rounds-lecture-dr-s-v-subramanian/",
    "organization": "CUNY School of Public Health",
    "startTime": "04:00 PM",
    "state": "NY",
    "street": "365 5th Ave",
    "ticketUrl": "",
    "title": "Grand Rounds Lecture \u2013 Dr. S. V. Subramanian",
    "zip": "10016"
},
{
    "In_group_id": "",
    "city": "New York",
    "dateFrom": "08/02/2018",
    "description": "A Lecture by: Evan Warshaw, Graduate Center PhD studentTitle: Asymmetric Volatility Spillover Between European Equity and Foreign Exchange Markets",
    "endTime": "",
    "eventImage": "",
    "eventTags": "",
    "eventWebsite": "http://www.gc.cuny.edu/News-Events-Public-Programs/Calendar/Detail?id=42933",
    "organization": "CUNY Graduate Center",
    "startTime": "12:00 PM",
    "state": "NY",
    "street": "365 5th Ave",
    "ticketUrl": "",
    "title": "Seminar in Applied Economics: A lecture with Evan Warshaw, GC PhD student",
    "zip": "10016"
},
{
    "In_group_id": "",
    "city": "New York",
    "dateFrom": "08/02/2018",
    "description": "A discussion with Rolena Adorno and Roberto Gonz\u00e1lez Echevarr\u00eda, authors of the recently published Breve historia de la literatura latinoamericana colonial y moderna (Madrid, 2017). ",
    "endTime": "06:00 PM",
    "eventImage": "",
    "eventTags": "",
    "eventWebsite": "http://www.gc.cuny.edu/News-Events-Public-Programs/Calendar/Detail?id=42945",
    "organization": "CUNY Graduate Center",
    "startTime": "04:00 PM",
    "state": "NY",
    "street": "365 5th Ave",
    "ticketUrl": "",
    "title": "Latin America Literary History: Continuities and Discontinuities",
    "zip": "10016"
},
{
    "In_group_id": "",
    "city": "New York",
    "dateFrom": "13/02/2018",
    "description": "A Lecture by: Professor Constantine Yannelis, NYU Stern School of BusinessTitle: When Investor Incentives and Consumer Interests Diverge: Private Equity in Higher Education",
    "endTime": "",
    "eventImage": "",
    "eventTags": "",
    "eventWebsite": "http://www.gc.cuny.edu/News-Events-Public-Programs/Calendar/Detail?id=42716",
    "organization": "CUNY Graduate Center",
    "startTime": "12:00 PM",
    "state": "NY",
    "street": "365 5th Ave",
    "ticketUrl": "",
    "title": "Seminar in Applied Economics: A lecture with Constantine Yannelis, NYU Stern",
    "zip": "10016"
},
{
    "In_group_id": "",
    "city": "New York",
    "dateFrom": "17/02/2018",
    "description": "Drs. Bebe and Owen Bernstein Lecture NEH 2017-18 Event: Complicity & Collaboration Dr. David Engel, Holocaust scholar and author of multiple books on the Holocaust will lecture about the treatment of Jews specifically in Poland during the Holocaust",
    "endTime": "02:00 PM",
    "eventImage": "",
    "eventTags": "",
    "eventWebsite": "https://events.cuny.edu/cec/in-the-shadows-of-auschwitz-the-treatment-of-jews-in-poland-during-the-holocaust/",
    "organization": "Queensborough Community College",
    "startTime": "12:00 PM",
    "state": "NY",
    "street": "365 5th Ave",
    "ticketUrl": "",
    "title": "In the Shadows of Auschwitz: the Treatment of Jews in Poland During the Holocaust",
    "zip": "10016"
},
{
    "In_group_id": "",
    "city": "New York",
    "dateFrom": "21/02/2018",
    "description": "Based on the acclaimed book \"History on Trial: My Day in Court with a Holocaust Denier,\" Denial recounts Deborah E. Lipstadt's (Academy Award winner Rachel Weisz) legal battle for historical truth against David Irving (Cannes Award winner Timothy Spall), who accused her of libel when she declared him a Holocaust denier.",
    "endTime": "02:00 PM",
    "eventImage": "",
    "eventTags": "",
    "eventWebsite": "https://events.cuny.edu/cec/khc-cinema-series-denial/",
    "organization": "Queensborough Community College",
    "startTime": "12:15 PM",
    "state": "NY",
    "street": "365 5th Ave",
    "ticketUrl": "",
    "title": "KHC Cinema Series: Denial",
    "zip": "10016"
},
{
    "In_group_id": "",
    "city": "New York",
    "dateFrom": "22/02/2018",
    "description": "Marxe Issues Spring 2018 #1",
    "endTime": "10:00 AM",
    "eventImage": "",
    "eventTags": "",
    "eventWebsite": "http://www.baruch.cuny.edu/calendar/EventList.aspx?eventidn=40239&view=EventDetails&information_id=450911",
    "organization": "Baruch College",
    "startTime": "08:00 AM",
    "state": "NY",
    "street": "365 5th Ave",
    "ticketUrl": "",
    "title": "Marxe Issues Spring 2018 #1",
    "zip": "10016"
},
{
    "In_group_id": "",
    "city": "New York",
    "dateFrom": "27/02/2018",
    "description": "A Lecture by: Professor Timothy M. Christen, NYU Stern School of BusinessTitle: Dynamic models with robust preferences: an empirical framework",
    "endTime": "",
    "eventImage": "",
    "eventTags": "",
    "eventWebsite": "http://www.gc.cuny.edu/News-Events-Public-Programs/Calendar/Detail?id=42717",
    "organization": "CUNY Graduate Center",
    "startTime": "12:00 PM",
    "state": "NY",
    "street": "365 5th Ave",
    "ticketUrl": "",
    "title": "Seminar in Applied Economics: A lecture with Timothy M. Christen, NYU Stern",
    "zip": "10016"
},
{
    "In_group_id": "",
    "city": "New York",
    "dateFrom": "06/03/2018",
    "description": "A Lecture by: Nobel Laureate Paul Krugman, Graduate CenterTitle: The Transfer Problem and Tax Incidence",
    "endTime": "",
    "eventImage": "",
    "eventTags": "",
    "eventWebsite": "http://www.gc.cuny.edu/News-Events-Public-Programs/Calendar/Detail?id=42718",
    "organization": "CUNY Graduate Center",
    "startTime": "12:00 PM",
    "state": "NY",
    "street": "365 5th Ave",
    "ticketUrl": "",
    "title": "Seminar in Applied Economics: A lecture with Nobel Laureate Paul Krugman, GC",
    "zip": "10016"
},
{
    "In_group_id": "",
    "city": "New York",
    "dateFrom": "06/03/2018",
    "description": "A Lecture by: Nobel Laureate Paul Krugman, Graduate CenterTitle: The Transfer Problem and Tax Incidence",
    "endTime": "",
    "eventImage": "",
    "eventTags": "",
    "eventWebsite": "http://www.gc.cuny.edu/News-Events-Public-Programs/Calendar/Detail?id=42934",
    "organization": "CUNY Graduate Center",
    "startTime": "12:00 PM",
    "state": "NY",
    "street": "365 5th Ave",
    "ticketUrl": "",
    "title": "Seminar in Applied Economics: A lecture with Nobel Laureate Paul Krugman, GC",
    "zip": "10016"
},
{
    "In_group_id": "",
    "city": "New York",
    "dateFrom": "06/03/2018",
    "description": "A Lecture by: Nobel Laureate Paul Krugman, Graduate CenterTitle: The Transfer Problem and Tax Incidence",
    "endTime": "",
    "eventImage": "",
    "eventTags": "",
    "eventWebsite": "http://www.gc.cuny.edu/News-Events-Public-Programs/Calendar/Detail?id=42936",
    "organization": "CUNY Graduate Center",
    "startTime": "12:00 PM",
    "state": "NY",
    "street": "365 5th Ave",
    "ticketUrl": "",
    "title": "Seminar in Applied Economics: A lecture with Nobel Laureate Paul Krugman, GC",
    "zip": "10016"
},
{
    "In_group_id": "",
    "city": "New York",
    "dateFrom": "06/03/2018",
    "description": "A Lecture by: Nobel Laureate Paul Krugman, Graduate CenterTitle: The Transfer Problem and Tax Incidence",
    "endTime": "",
    "eventImage": "",
    "eventTags": "",
    "eventWebsite": "http://www.gc.cuny.edu/News-Events-Public-Programs/Calendar/Detail?id=42938",
    "organization": "CUNY Graduate Center",
    "startTime": "12:00 PM",
    "state": "NY",
    "street": "365 5th Ave",
    "ticketUrl": "",
    "title": "Seminar in Applied Economics: A lecture with Nobel Laureate Paul Krugman, GC",
    "zip": "10016"
},
{
    "In_group_id": "",
    "city": "New York",
    "dateFrom": "06/03/2018",
    "description": "A Lecture by: Nobel Laureate Paul Krugman, Graduate CenterTitle: The Transfer Problem and Tax Incidence",
    "endTime": "",
    "eventImage": "",
    "eventTags": "",
    "eventWebsite": "http://www.gc.cuny.edu/News-Events-Public-Programs/Calendar/Detail?id=42939",
    "organization": "CUNY Graduate Center",
    "startTime": "12:00 PM",
    "state": "NY",
    "street": "365 5th Ave",
    "ticketUrl": "",
    "title": "Seminar in Applied Economics: A lecture with Nobel Laureate Paul Krugman, GC",
    "zip": "10016"
},
{
    "In_group_id": "",
    "city": "New York",
    "dateFrom": "06/03/2018",
    "description": "A Lecture by: Nobel Laureate Paul Krugman, Graduate CenterTitle: The Transfer Problem and Tax Incidence",
    "endTime": "",
    "eventImage": "",
    "eventTags": "",
    "eventWebsite": "http://www.gc.cuny.edu/News-Events-Public-Programs/Calendar/Detail?id=42940",
    "organization": "CUNY Graduate Center",
    "startTime": "12:00 PM",
    "state": "NY",
    "street": "365 5th Ave",
    "ticketUrl": "",
    "title": "Seminar in Applied Economics: A lecture with Nobel Laureate Paul Krugman, GC",
    "zip": "10016"
},
{
    "In_group_id": "",
    "city": "New York",
    "dateFrom": "06/03/2018",
    "description": "A Lecture by: Nobel Laureate Paul Krugman, Graduate CenterTitle: The Transfer Problem and Tax Incidence",
    "endTime": "",
    "eventImage": "",
    "eventTags": "",
    "eventWebsite": "http://www.gc.cuny.edu/News-Events-Public-Programs/Calendar/Detail?id=42941",
    "organization": "CUNY Graduate Center",
    "startTime": "12:00 PM",
    "state": "NY",
    "street": "365 5th Ave",
    "ticketUrl": "",
    "title": "Seminar in Applied Economics: A lecture with Nobel Laureate Paul Krugman, GC",
    "zip": "10016"
},
{
    "In_group_id": "",
    "city": "New York",
    "dateFrom": "06/03/2018",
    "description": "A Lecture by: Nobel Laureate Paul Krugman, Graduate CenterTitle: The Transfer Problem and Tax Incidence",
    "endTime": "",
    "eventImage": "",
    "eventTags": "",
    "eventWebsite": "http://www.gc.cuny.edu/News-Events-Public-Programs/Calendar/Detail?id=42942",
    "organization": "CUNY Graduate Center",
    "startTime": "12:00 PM",
    "state": "NY",
    "street": "365 5th Ave",
    "ticketUrl": "",
    "title": "Seminar in Applied Economics: A lecture with Nobel Laureate Paul Krugman, GC",
    "zip": "10016"
},
{
    "In_group_id": "",
    "city": "New York",
    "dateFrom": "06/03/2018",
    "description": "A Lecture by: Nobel Laureate Paul Krugman, Graduate CenterTitle: The Transfer Problem and Tax Incidence",
    "endTime": "",
    "eventImage": "",
    "eventTags": "",
    "eventWebsite": "http://www.gc.cuny.edu/News-Events-Public-Programs/Calendar/Detail?id=42943",
    "organization": "CUNY Graduate Center",
    "startTime": "12:00 PM",
    "state": "NY",
    "street": "365 5th Ave",
    "ticketUrl": "",
    "title": "Seminar in Applied Economics: A lecture with Nobel Laureate Paul Krugman, GC",
    "zip": "10016"
},
{
    "In_group_id": "",
    "city": "New York",
    "dateFrom": "15/03/2018",
    "description": "The Organizational Development and Change Division's (ODC) Board Mid-Year Planning Meeting in partnership with the Loomba Management Department",
    "endTime": "06:00 PM",
    "eventImage": "",
    "eventTags": "",
    "eventWebsite": "http://www.baruch.cuny.edu/calendar/EventList.aspx?eventidn=50316&view=EventDetails&information_id=660727",
    "organization": "Baruch College",
    "startTime": "08:00 AM",
    "state": "NY",
    "street": "365 5th Ave",
    "ticketUrl": "",
    "title": "ODC mid-year meeting",
    "zip": "10016"
},
{
    "In_group_id": "",
    "city": "New York",
    "dateFrom": "22/04/2018",
    "description": "Join Hillel at CSI for a book/author event\"The Rabbi Saved by Hitler's Jewish Soldiers\" with Bryan Mark Rigg. The event includes a continental breakfast. Proceeds from this event benefit the programs of Hillel at CSI.",
    "endTime": "",
    "eventImage": "",
    "eventTags": "",
    "eventWebsite": "https://events.cuny.edu/cec/bookauthor-event-the-rabbi-saved-by-hitlers-jewish-soldiers/",
    "organization": "College of Staten Island",
    "startTime": "10:30 AM",
    "state": "NY",
    "street": "365 5th Ave",
    "ticketUrl": "",
    "title": "Book/Author Event: \u201cThe Rabbi Saved by Hitler\u2019s Jewish Soldiers\u201d",
    "zip": "10016"
},
]